Store,Dept,Date,Monthly_Sales,IsHoliday
1,1,2021-01-01,17795,False
1,1,2021-02-01,2860,False
1,1,2021-03-01,7390,False
1,1,2021-04-01,13964,False
1,1,2021-05-01,13284,False
1,1,2021-06-01,8265,False
1,1,2021-07-01,18850,False
1,1,2021-08-01,6426,False
1,1,2021-09-01,16423,False
1,1,2021-10-01,13363,False
1,1,2021-11-01,18023,True
1,1,2021-12-01,10322,True
1,1,2022-01-01,3685,False
1,1,2022-02-01,2769,False
1,1,2022-03-01,4433,False
1,1,2022-04-01,7311,False
1,1,2022-05-01,7051,False
1,1,2022-06-01,8420,False
1,1,2022-07-01,19568,False
1,1,2022-08-01,8396,False
1,1,2022-09-01,10666,False
1,1,2022-10-01,4747,False
1,1,2022-11-01,2189,True
1,1,2022-12-01,5005,True
1,1,2023-01-01,3899,False
1,1,2023-02-01,3267,False
1,1,2023-03-01,19912,False
1,1,2023-04-01,13394,False
1,1,2023-05-01,5556,False
1,1,2023-06-01,5890,False
1,1,2023-07-01,10838,False
1,1,2023-08-01,16502,False
1,1,2023-09-01,12627,False
1,1,2023-10-01,10792,False
1,1,2023-11-01,12555,True
1,1,2023-12-01,12253,True
1,2,2021-01-01,10433,False
1,2,2021-02-01,12233,False
1,2,2021-03-01,13016,False
1,2,2021-04-01,4612,False
1,2,2021-05-01,17787,False
1,2,2021-06-01,19159,False
1,2,2021-07-01,14206,False
1,2,2021-08-01,10226,False
1,2,2021-09-01,16541,False
1,2,2021-10-01,5152,False
1,2,2021-11-01,3585,True
1,2,2021-12-01,5943,True
1,2,2022-01-01,3021,False
1,2,2022-02-01,13653,False
1,2,2022-03-01,12805,False
1,2,2022-04-01,15417,False
1,2,2022-05-01,9989,False
1,2,2022-06-01,11692,False
1,2,2022-07-01,14990,False
1,2,2022-08-01,8873,False
1,2,2022-09-01,7675,False
1,2,2022-10-01,2161,False
1,2,2022-11-01,6297,True
1,2,2022-12-01,2995,True
1,2,2023-01-01,13534,False
1,2,2023-02-01,9629,False
1,2,2023-03-01,3016,False
1,2,2023-04-01,10529,False
1,2,2023-05-01,19262,False
1,2,2023-06-01,11268,False
1,2,2023-07-01,14185,False
1,2,2023-08-01,8331,False
1,2,2023-09-01,10571,False
1,2,2023-10-01,9208,False
1,2,2023-11-01,7276,True
1,2,2023-12-01,18448,True
1,3,2021-01-01,18216,False
1,3,2021-02-01,10006,False
1,3,2021-03-01,4568,False
1,3,2021-04-01,4027,False
1,3,2021-05-01,4695,False
1,3,2021-06-01,17422,False
1,3,2021-07-01,7258,False
1,3,2021-08-01,8736,False
1,3,2021-09-01,2391,False
1,3,2021-10-01,15986,False
1,3,2021-11-01,14666,True
1,3,2021-12-01,7892,True
1,3,2022-01-01,5561,False
1,3,2022-02-01,8184,False
1,3,2022-03-01,10392,False
1,3,2022-04-01,15067,False
1,3,2022-05-01,17265,False
1,3,2022-06-01,4454,False
1,3,2022-07-01,13837,False
1,3,2022-08-01,16039,False
1,3,2022-09-01,12965,False
1,3,2022-10-01,11762,False
1,3,2022-11-01,7056,True
1,3,2022-12-01,16948,True
1,3,2023-01-01,10110,False
1,3,2023-02-01,15773,False
1,3,2023-03-01,19412,False
1,3,2023-04-01,2502,False
1,3,2023-05-01,8910,False
1,3,2023-06-01,14685,False
1,3,2023-07-01,2206,False
1,3,2023-08-01,19868,False
1,3,2023-09-01,17934,False
1,3,2023-10-01,19247,False
1,3,2023-11-01,10755,True
1,3,2023-12-01,14383,True
1,4,2021-01-01,16820,False
1,4,2021-02-01,9574,False
1,4,2021-03-01,8374,False
1,4,2021-04-01,3678,False
1,4,2021-05-01,3059,False
1,4,2021-06-01,18198,False
1,4,2021-07-01,11914,False
1,4,2021-08-01,12817,False
1,4,2021-09-01,12921,False
1,4,2021-10-01,11789,False
1,4,2021-11-01,18312,True
1,4,2021-12-01,13252,True
1,4,2022-01-01,4693,False
1,4,2022-02-01,15931,False
1,4,2022-03-01,5627,False
1,4,2022-04-01,18157,False
1,4,2022-05-01,12173,False
1,4,2022-06-01,12230,False
1,4,2022-07-01,17707,False
1,4,2022-08-01,13494,False
1,4,2022-09-01,3306,False
1,4,2022-10-01,8776,False
1,4,2022-11-01,11474,True
1,4,2022-12-01,9526,True
1,4,2023-01-01,7530,False
1,4,2023-02-01,5748,False
1,4,2023-03-01,15545,False
1,4,2023-04-01,2663,False
1,4,2023-05-01,3998,False
1,4,2023-06-01,9994,False
1,4,2023-07-01,19879,False
1,4,2023-08-01,5304,False
1,4,2023-09-01,15808,False
1,4,2023-10-01,8585,False
1,4,2023-11-01,19675,True
1,4,2023-12-01,13649,True
1,5,2021-01-01,3636,False
1,5,2021-02-01,19082,False
1,5,2021-03-01,6737,False
1,5,2021-04-01,16555,False
1,5,2021-05-01,15877,False
1,5,2021-06-01,2854,False
1,5,2021-07-01,7855,False
1,5,2021-08-01,9392,False
1,5,2021-09-01,15949,False
1,5,2021-10-01,7791,False
1,5,2021-11-01,6931,True
1,5,2021-12-01,2202,True
1,5,2022-01-01,13447,False
1,5,2022-02-01,14688,False
1,5,2022-03-01,6389,False
1,5,2022-04-01,4327,False
1,5,2022-05-01,10004,False
1,5,2022-06-01,9777,False
1,5,2022-07-01,2197,False
1,5,2022-08-01,3930,False
1,5,2022-09-01,13774,False
1,5,2022-10-01,17087,False
1,5,2022-11-01,11339,True
1,5,2022-12-01,13589,True
1,5,2023-01-01,17708,False
1,5,2023-02-01,19043,False
1,5,2023-03-01,4811,False
1,5,2023-04-01,16243,False
1,5,2023-05-01,8546,False
1,5,2023-06-01,3986,False
1,5,2023-07-01,10338,False
1,5,2023-08-01,13411,False
1,5,2023-09-01,4911,False
1,5,2023-10-01,3734,False
1,5,2023-11-01,10680,True
1,5,2023-12-01,7759,True
1,6,2021-01-01,4385,False
1,6,2021-02-01,13111,False
1,6,2021-03-01,6736,False
1,6,2021-04-01,3802,False
1,6,2021-05-01,10155,False
1,6,2021-06-01,10120,False
1,6,2021-07-01,8616,False
1,6,2021-08-01,16257,False
1,6,2021-09-01,16486,False
1,6,2021-10-01,18646,False
1,6,2021-11-01,16075,True
1,6,2021-12-01,11208,True
1,6,2022-01-01,18371,False
1,6,2022-02-01,13835,False
1,6,2022-03-01,15168,False
1,6,2022-04-01,4049,False
1,6,2022-05-01,7423,False
1,6,2022-06-01,16589,False
1,6,2022-07-01,9158,False
1,6,2022-08-01,12248,False
1,6,2022-09-01,9400,False
1,6,2022-10-01,11874,False
1,6,2022-11-01,17151,True
1,6,2022-12-01,3154,True
1,6,2023-01-01,6499,False
1,6,2023-02-01,8295,False
1,6,2023-03-01,14183,False
1,6,2023-04-01,14874,False
1,6,2023-05-01,7539,False
1,6,2023-06-01,11637,False
1,6,2023-07-01,17586,False
1,6,2023-08-01,4557,False
1,6,2023-09-01,7592,False
1,6,2023-10-01,18482,False
1,6,2023-11-01,4200,True
1,6,2023-12-01,16172,True
1,7,2021-01-01,4961,False
1,7,2021-02-01,16207,False
1,7,2021-03-01,13969,False
1,7,2021-04-01,4869,False
1,7,2021-05-01,19340,False
1,7,2021-06-01,15992,False
1,7,2021-07-01,7699,False
1,7,2021-08-01,5987,False
1,7,2021-09-01,15446,False
1,7,2021-10-01,3218,False
1,7,2021-11-01,6735,True
1,7,2021-12-01,13296,True
1,7,2022-01-01,6555,False
1,7,2022-02-01,11146,False
1,7,2022-03-01,10050,False
1,7,2022-04-01,14757,False
1,7,2022-05-01,19429,False
1,7,2022-06-01,8893,False
1,7,2022-07-01,16373,False
1,7,2022-08-01,16565,False
1,7,2022-09-01,5436,False
1,7,2022-10-01,10754,False
1,7,2022-11-01,12677,True
1,7,2022-12-01,7895,True
1,7,2023-01-01,18609,False
1,7,2023-02-01,17636,False
1,7,2023-03-01,9022,False
1,7,2023-04-01,11151,False
1,7,2023-05-01,7600,False
1,7,2023-06-01,9996,False
1,7,2023-07-01,11007,False
1,7,2023-08-01,14946,False
1,7,2023-09-01,6642,False
1,7,2023-10-01,13312,False
1,7,2023-11-01,9679,True
1,7,2023-12-01,10208,True
1,8,2021-01-01,12716,False
1,8,2021-02-01,19453,False
1,8,2021-03-01,5444,False
1,8,2021-04-01,12757,False
1,8,2021-05-01,16434,False
1,8,2021-06-01,3060,False
1,8,2021-07-01,5420,False
1,8,2021-08-01,2301,False
1,8,2021-09-01,14468,False
1,8,2021-10-01,18990,False
1,8,2021-11-01,2699,True
1,8,2021-12-01,2190,True
1,8,2022-01-01,12492,False
1,8,2022-02-01,19364,False
1,8,2022-03-01,4975,False
1,8,2022-04-01,8102,False
1,8,2022-05-01,19568,False
1,8,2022-06-01,3816,False
1,8,2022-07-01,2569,False
1,8,2022-08-01,7442,False
1,8,2022-09-01,3895,False
1,8,2022-10-01,5863,False
1,8,2022-11-01,14913,True
1,8,2022-12-01,9455,True
1,8,2023-01-01,6014,False
1,8,2023-02-01,13093,False
1,8,2023-03-01,5009,False
1,8,2023-04-01,18538,False
1,8,2023-05-01,12729,False
1,8,2023-06-01,3409,False
1,8,2023-07-01,14249,False
1,8,2023-08-01,2784,False
1,8,2023-09-01,10096,False
1,8,2023-10-01,9560,False
1,8,2023-11-01,14533,True
1,8,2023-12-01,9343,True
1,9,2021-01-01,9206,False
1,9,2021-02-01,7801,False
1,9,2021-03-01,18921,False
1,9,2021-04-01,7986,False
1,9,2021-05-01,12647,False
1,9,2021-06-01,10716,False
1,9,2021-07-01,14323,False
1,9,2021-08-01,6780,False
1,9,2021-09-01,4368,False
1,9,2021-10-01,14039,False
1,9,2021-11-01,8655,True
1,9,2021-12-01,10173,True
1,9,2022-01-01,6495,False
1,9,2022-02-01,12893,False
1,9,2022-03-01,15403,False
1,9,2022-04-01,15121,False
1,9,2022-05-01,12966,False
1,9,2022-06-01,2853,False
1,9,2022-07-01,18958,False
1,9,2022-08-01,19532,False
1,9,2022-09-01,11907,False
1,9,2022-10-01,6777,False
1,9,2022-11-01,17338,True
1,9,2022-12-01,4491,True
1,9,2023-01-01,17328,False
1,9,2023-02-01,16599,False
1,9,2023-03-01,5051,False
1,9,2023-04-01,17979,False
1,9,2023-05-01,18388,False
1,9,2023-06-01,2876,False
1,9,2023-07-01,6142,False
1,9,2023-08-01,17202,False
1,9,2023-09-01,8966,False
1,9,2023-10-01,9079,False
1,9,2023-11-01,9987,True
1,9,2023-12-01,8799,True
1,10,2021-01-01,6465,False
1,10,2021-02-01,19019,False
1,10,2021-03-01,15417,False
1,10,2021-04-01,10311,False
1,10,2021-05-01,19214,False
1,10,2021-06-01,16098,False
1,10,2021-07-01,7177,False
1,10,2021-08-01,16262,False
1,10,2021-09-01,10308,False
1,10,2021-10-01,7949,False
1,10,2021-11-01,3150,True
1,10,2021-12-01,3931,True
1,10,2022-01-01,11204,False
1,10,2022-02-01,3081,False
1,10,2022-03-01,18896,False
1,10,2022-04-01,15407,False
1,10,2022-05-01,9805,False
1,10,2022-06-01,7237,False
1,10,2022-07-01,18943,False
1,10,2022-08-01,14775,False
1,10,2022-09-01,18244,False
1,10,2022-10-01,15184,False
1,10,2022-11-01,5343,True
1,10,2022-12-01,15500,True
1,10,2023-01-01,11662,False
1,10,2023-02-01,18964,False
1,10,2023-03-01,17125,False
1,10,2023-04-01,10130,False
1,10,2023-05-01,3679,False
1,10,2023-06-01,5506,False
1,10,2023-07-01,15284,False
1,10,2023-08-01,9253,False
1,10,2023-09-01,11435,False
1,10,2023-10-01,13310,False
1,10,2023-11-01,15296,True
1,10,2023-12-01,15245,True
2,1,2021-01-01,13151,False
2,1,2021-02-01,12457,False
2,1,2021-03-01,4479,False
2,1,2021-04-01,6452,False
2,1,2021-05-01,7881,False
2,1,2021-06-01,16069,False
2,1,2021-07-01,4849,False
2,1,2021-08-01,9390,False
2,1,2021-09-01,13922,False
2,1,2021-10-01,4489,False
2,1,2021-11-01,11823,True
2,1,2021-12-01,11207,True
2,1,2022-01-01,11540,False
2,1,2022-02-01,18364,False
2,1,2022-03-01,6611,False
2,1,2022-04-01,7878,False
2,1,2022-05-01,18347,False
2,1,2022-06-01,2851,False
2,1,2022-07-01,8833,False
2,1,2022-08-01,13938,False
2,1,2022-09-01,4427,False
2,1,2022-10-01,6000,False
2,1,2022-11-01,7052,True
2,1,2022-12-01,4738,True
2,1,2023-01-01,7387,False
2,1,2023-02-01,10002,False
2,1,2023-03-01,7536,False
2,1,2023-04-01,15479,False
2,1,2023-05-01,5913,False
2,1,2023-06-01,19450,False
2,1,2023-07-01,12636,False
2,1,2023-08-01,7726,False
2,1,2023-09-01,5373,False
2,1,2023-10-01,14161,False
2,1,2023-11-01,4082,True
2,1,2023-12-01,18281,True
2,2,2021-01-01,17305,False
2,2,2021-02-01,11817,False
2,2,2021-03-01,13261,False
2,2,2021-04-01,2417,False
2,2,2021-05-01,10808,False
2,2,2021-06-01,5267,False
2,2,2021-07-01,19209,False
2,2,2021-08-01,7745,False
2,2,2021-09-01,13338,False
2,2,2021-10-01,2412,False
2,2,2021-11-01,9543,True
2,2,2021-12-01,9587,True
2,2,2022-01-01,2728,False
2,2,2022-02-01,13657,False
2,2,2022-03-01,7988,False
2,2,2022-04-01,4967,False
2,2,2022-05-01,16527,False
2,2,2022-06-01,18048,False
2,2,2022-07-01,19506,False
2,2,2022-08-01,19955,False
2,2,2022-09-01,7073,False
2,2,2022-10-01,7104,False
2,2,2022-11-01,4143,True
2,2,2022-12-01,9357,True
2,2,2023-01-01,14043,False
2,2,2023-02-01,5440,False
2,2,2023-03-01,7644,False
2,2,2023-04-01,12518,False
2,2,2023-05-01,16552,False
2,2,2023-06-01,4914,False
2,2,2023-07-01,15584,False
2,2,2023-08-01,14144,False
2,2,2023-09-01,16397,False
2,2,2023-10-01,10787,False
2,2,2023-11-01,16191,True
2,2,2023-12-01,2728,True
2,3,2021-01-01,19749,False
2,3,2021-02-01,2698,False
2,3,2021-03-01,9186,False
2,3,2021-04-01,16512,False
2,3,2021-05-01,15923,False
2,3,2021-06-01,18779,False
2,3,2021-07-01,9400,False
2,3,2021-08-01,6171,False
2,3,2021-09-01,6360,False
2,3,2021-10-01,4502,False
2,3,2021-11-01,19101,True
2,3,2021-12-01,7486,True
2,3,2022-01-01,10335,False
2,3,2022-02-01,6491,False
2,3,2022-03-01,13130,False
2,3,2022-04-01,9651,False
2,3,2022-05-01,3167,False
2,3,2022-06-01,3062,False
2,3,2022-07-01,13174,False
2,3,2022-08-01,6729,False
2,3,2022-09-01,11348,False
2,3,2022-10-01,7334,False
2,3,2022-11-01,10924,True
2,3,2022-12-01,6330,True
2,3,2023-01-01,8801,False
2,3,2023-02-01,6846,False
2,3,2023-03-01,8731,False
2,3,2023-04-01,17368,False
2,3,2023-05-01,19337,False
2,3,2023-06-01,4539,False
2,3,2023-07-01,9056,False
2,3,2023-08-01,13516,False
2,3,2023-09-01,13493,False
2,3,2023-10-01,3542,False
2,3,2023-11-01,15964,True
2,3,2023-12-01,19575,True
2,4,2021-01-01,8313,False
2,4,2021-02-01,19924,False
2,4,2021-03-01,15807,False
2,4,2021-04-01,11580,False
2,4,2021-05-01,19749,False
2,4,2021-06-01,10691,False
2,4,2021-07-01,9494,False
2,4,2021-08-01,6312,False
2,4,2021-09-01,3324,False
2,4,2021-10-01,5141,False
2,4,2021-11-01,3810,True
2,4,2021-12-01,8588,True
2,4,2022-01-01,7301,False
2,4,2022-02-01,17485,False
2,4,2022-03-01,13714,False
2,4,2022-04-01,6748,False
2,4,2022-05-01,11435,False
2,4,2022-06-01,5709,False
2,4,2022-07-01,15116,False
2,4,2022-08-01,11576,False
2,4,2022-09-01,12150,False
2,4,2022-10-01,8530,False
2,4,2022-11-01,12188,True
2,4,2022-12-01,16683,True
2,4,2023-01-01,2504,False
2,4,2023-02-01,3214,False
2,4,2023-03-01,3531,False
2,4,2023-04-01,2823,False
2,4,2023-05-01,19312,False
2,4,2023-06-01,7029,False
2,4,2023-07-01,15428,False
2,4,2023-08-01,18517,False
2,4,2023-09-01,4105,False
2,4,2023-10-01,5627,False
2,4,2023-11-01,14972,True
2,4,2023-12-01,3852,True
2,5,2021-01-01,6910,False
2,5,2021-02-01,13003,False
2,5,2021-03-01,15843,False
2,5,2021-04-01,13704,False
2,5,2021-05-01,17761,False
2,5,2021-06-01,8190,False
2,5,2021-07-01,19640,False
2,5,2021-08-01,7645,False
2,5,2021-09-01,11588,False
2,5,2021-10-01,13829,False
2,5,2021-11-01,10053,True
2,5,2021-12-01,5330,True
2,5,2022-01-01,10662,False
2,5,2022-02-01,9114,False
2,5,2022-03-01,15323,False
2,5,2022-04-01,3353,False
2,5,2022-05-01,12975,False
2,5,2022-06-01,13023,False
2,5,2022-07-01,2667,False
2,5,2022-08-01,11337,False
2,5,2022-09-01,15659,False
2,5,2022-10-01,5719,False
2,5,2022-11-01,9483,True
2,5,2022-12-01,2539,True
2,5,2023-01-01,6964,False
2,5,2023-02-01,6835,False
2,5,2023-03-01,8042,False
2,5,2023-04-01,16837,False
2,5,2023-05-01,9312,False
2,5,2023-06-01,7320,False
2,5,2023-07-01,15216,False
2,5,2023-08-01,4779,False
2,5,2023-09-01,19308,False
2,5,2023-10-01,3581,False
2,5,2023-11-01,14677,True
2,5,2023-12-01,7713,True
2,6,2021-01-01,18639,False
2,6,2021-02-01,6804,False
2,6,2021-03-01,12136,False
2,6,2021-04-01,2009,False
2,6,2021-05-01,7124,False
2,6,2021-06-01,3015,False
2,6,2021-07-01,4193,False
2,6,2021-08-01,10415,False
2,6,2021-09-01,15550,False
2,6,2021-10-01,16512,False
2,6,2021-11-01,6158,True
2,6,2021-12-01,8970,True
2,6,2022-01-01,8938,False
2,6,2022-02-01,15772,False
2,6,2022-03-01,12344,False
2,6,2022-04-01,9266,False
2,6,2022-05-01,10702,False
2,6,2022-06-01,2384,False
2,6,2022-07-01,2404,False
2,6,2022-08-01,10175,False
2,6,2022-09-01,17158,False
2,6,2022-10-01,14763,False
2,6,2022-11-01,11860,True
2,6,2022-12-01,7989,True
2,6,2023-01-01,17106,False
2,6,2023-02-01,19844,False
2,6,2023-03-01,5636,False
2,6,2023-04-01,12916,False
2,6,2023-05-01,6809,False
2,6,2023-06-01,15456,False
2,6,2023-07-01,17444,False
2,6,2023-08-01,7997,False
2,6,2023-09-01,4048,False
2,6,2023-10-01,14338,False
2,6,2023-11-01,19100,True
2,6,2023-12-01,6544,True
2,7,2021-01-01,6976,False
2,7,2021-02-01,14775,False
2,7,2021-03-01,12015,False
2,7,2021-04-01,5419,False
2,7,2021-05-01,16430,False
2,7,2021-06-01,9239,False
2,7,2021-07-01,16489,False
2,7,2021-08-01,18633,False
2,7,2021-09-01,12357,False
2,7,2021-10-01,19154,False
2,7,2021-11-01,6363,True
2,7,2021-12-01,12176,True
2,7,2022-01-01,19461,False
2,7,2022-02-01,10427,False
2,7,2022-03-01,10580,False
2,7,2022-04-01,6858,False
2,7,2022-05-01,12040,False
2,7,2022-06-01,17254,False
2,7,2022-07-01,13470,False
2,7,2022-08-01,3252,False
2,7,2022-09-01,8996,False
2,7,2022-10-01,14173,False
2,7,2022-11-01,6673,True
2,7,2022-12-01,17781,True
2,7,2023-01-01,15051,False
2,7,2023-02-01,8881,False
2,7,2023-03-01,8949,False
2,7,2023-04-01,11521,False
2,7,2023-05-01,10017,False
2,7,2023-06-01,8941,False
2,7,2023-07-01,12209,False
2,7,2023-08-01,19715,False
2,7,2023-09-01,11550,False
2,7,2023-10-01,6637,False
2,7,2023-11-01,6854,True
2,7,2023-12-01,12320,True
2,8,2021-01-01,6892,False
2,8,2021-02-01,9043,False
2,8,2021-03-01,18521,False
2,8,2021-04-01,6164,False
2,8,2021-05-01,9941,False
2,8,2021-06-01,16388,False
2,8,2021-07-01,7569,False
2,8,2021-08-01,6300,False
2,8,2021-09-01,8269,False
2,8,2021-10-01,5818,False
2,8,2021-11-01,14015,True
2,8,2021-12-01,14234,True
2,8,2022-01-01,8254,False
2,8,2022-02-01,19144,False
2,8,2022-03-01,9350,False
2,8,2022-04-01,17183,False
2,8,2022-05-01,8238,False
2,8,2022-06-01,8090,False
2,8,2022-07-01,13637,False
2,8,2022-08-01,14647,False
2,8,2022-09-01,11911,False
2,8,2022-10-01,10472,False
2,8,2022-11-01,5266,True
2,8,2022-12-01,2666,True
2,8,2023-01-01,6188,False
2,8,2023-02-01,19055,False
2,8,2023-03-01,12161,False
2,8,2023-04-01,13314,False
2,8,2023-05-01,14891,False
2,8,2023-06-01,6777,False
2,8,2023-07-01,5900,False
2,8,2023-08-01,15716,False
2,8,2023-09-01,8981,False
2,8,2023-10-01,8376,False
2,8,2023-11-01,18907,True
2,8,2023-12-01,12160,True
2,9,2021-01-01,16124,False
2,9,2021-02-01,18282,False
2,9,2021-03-01,12488,False
2,9,2021-04-01,7240,False
2,9,2021-05-01,12453,False
2,9,2021-06-01,12478,False
2,9,2021-07-01,14394,False
2,9,2021-08-01,6432,False
2,9,2021-09-01,15568,False
2,9,2021-10-01,16178,False
2,9,2021-11-01,19660,True
2,9,2021-12-01,2302,True
2,9,2022-01-01,19022,False
2,9,2022-02-01,2055,False
2,9,2022-03-01,15013,False
2,9,2022-04-01,10717,False
2,9,2022-05-01,10150,False
2,9,2022-06-01,4125,False
2,9,2022-07-01,13479,False
2,9,2022-08-01,17745,False
2,9,2022-09-01,18748,False
2,9,2022-10-01,8809,False
2,9,2022-11-01,6621,True
2,9,2022-12-01,17034,True
2,9,2023-01-01,15623,False
2,9,2023-02-01,7126,False
2,9,2023-03-01,7122,False
2,9,2023-04-01,19302,False
2,9,2023-05-01,7870,False
2,9,2023-06-01,3531,False
2,9,2023-07-01,10172,False
2,9,2023-08-01,9673,False
2,9,2023-09-01,8882,False
2,9,2023-10-01,3906,False
2,9,2023-11-01,5086,True
2,9,2023-12-01,15503,True
2,10,2021-01-01,10152,False
2,10,2021-02-01,7750,False
2,10,2021-03-01,14772,False
2,10,2021-04-01,12267,False
2,10,2021-05-01,3062,False
2,10,2021-06-01,19680,False
2,10,2021-07-01,8229,False
2,10,2021-08-01,18509,False
2,10,2021-09-01,17147,False
2,10,2021-10-01,6632,False
2,10,2021-11-01,8288,True
2,10,2021-12-01,5596,True
2,10,2022-01-01,13475,False
2,10,2022-02-01,8168,False
2,10,2022-03-01,11795,False
2,10,2022-04-01,9561,False
2,10,2022-05-01,10258,False
2,10,2022-06-01,18616,False
2,10,2022-07-01,8371,False
2,10,2022-08-01,16369,False
2,10,2022-09-01,14910,False
2,10,2022-10-01,9943,False
2,10,2022-11-01,14199,True
2,10,2022-12-01,17728,True
2,10,2023-01-01,8738,False
2,10,2023-02-01,17913,False
2,10,2023-03-01,4472,False
2,10,2023-04-01,17679,False
2,10,2023-05-01,3761,False
2,10,2023-06-01,12167,False
2,10,2023-07-01,12554,False
2,10,2023-08-01,19260,False
2,10,2023-09-01,16277,False
2,10,2023-10-01,5812,False
2,10,2023-11-01,19844,True
2,10,2023-12-01,3605,True
3,1,2021-01-01,7622,False
3,1,2021-02-01,8767,False
3,1,2021-03-01,13613,False
3,1,2021-04-01,12589,False
3,1,2021-05-01,15918,False
3,1,2021-06-01,15046,False
3,1,2021-07-01,4590,False
3,1,2021-08-01,19447,False
3,1,2021-09-01,6324,False
3,1,2021-10-01,12787,False
3,1,2021-11-01,11111,True
3,1,2021-12-01,7342,True
3,1,2022-01-01,18389,False
3,1,2022-02-01,10659,False
3,1,2022-03-01,16043,False
3,1,2022-04-01,10837,False
3,1,2022-05-01,2117,False
3,1,2022-06-01,15917,False
3,1,2022-07-01,16309,False
3,1,2022-08-01,15234,False
3,1,2022-09-01,7560,False
3,1,2022-10-01,2846,False
3,1,2022-11-01,12954,True
3,1,2022-12-01,15703,True
3,1,2023-01-01,17385,False
3,1,2023-02-01,15746,False
3,1,2023-03-01,8469,False
3,1,2023-04-01,11333,False
3,1,2023-05-01,18608,False
3,1,2023-06-01,14819,False
3,1,2023-07-01,6208,False
3,1,2023-08-01,8283,False
3,1,2023-09-01,4048,False
3,1,2023-10-01,8233,False
3,1,2023-11-01,14941,True
3,1,2023-12-01,14607,True
3,2,2021-01-01,11765,False
3,2,2021-02-01,3828,False
3,2,2021-03-01,3917,False
3,2,2021-04-01,8988,False
3,2,2021-05-01,16594,False
3,2,2021-06-01,14977,False
3,2,2021-07-01,2009,False
3,2,2021-08-01,18644,False
3,2,2021-09-01,11865,False
3,2,2021-10-01,4219,False
3,2,2021-11-01,9041,True
3,2,2021-12-01,7287,True
3,2,2022-01-01,3619,False
3,2,2022-02-01,10512,False
3,2,2022-03-01,3342,False
3,2,2022-04-01,12568,False
3,2,2022-05-01,16231,False
3,2,2022-06-01,5490,False
3,2,2022-07-01,11310,False
3,2,2022-08-01,9984,False
3,2,2022-09-01,19988,False
3,2,2022-10-01,14219,False
3,2,2022-11-01,2235,True
3,2,2022-12-01,12161,True
3,2,2023-01-01,3908,False
3,2,2023-02-01,10567,False
3,2,2023-03-01,5530,False
3,2,2023-04-01,7256,False
3,2,2023-05-01,10162,False
3,2,2023-06-01,7415,False
3,2,2023-07-01,5391,False
3,2,2023-08-01,13157,False
3,2,2023-09-01,7951,False
3,2,2023-10-01,10007,False
3,2,2023-11-01,11064,True
3,2,2023-12-01,17524,True
3,3,2021-01-01,2077,False
3,3,2021-02-01,9577,False
3,3,2021-03-01,18984,False
3,3,2021-04-01,16060,False
3,3,2021-05-01,19449,False
3,3,2021-06-01,12535,False
3,3,2021-07-01,11510,False
3,3,2021-08-01,8943,False
3,3,2021-09-01,13954,False
3,3,2021-10-01,9804,False
3,3,2021-11-01,8565,True
3,3,2021-12-01,7984,True
3,3,2022-01-01,6670,False
3,3,2022-02-01,11184,False
3,3,2022-03-01,4192,False
3,3,2022-04-01,3248,False
3,3,2022-05-01,13246,False
3,3,2022-06-01,14790,False
3,3,2022-07-01,5687,False
3,3,2022-08-01,6018,False
3,3,2022-09-01,13302,False
3,3,2022-10-01,3970,False
3,3,2022-11-01,10389,True
3,3,2022-12-01,19586,True
3,3,2023-01-01,17374,False
3,3,2023-02-01,7788,False
3,3,2023-03-01,7408,False
3,3,2023-04-01,11446,False
3,3,2023-05-01,2922,False
3,3,2023-06-01,2419,False
3,3,2023-07-01,12789,False
3,3,2023-08-01,3120,False
3,3,2023-09-01,13260,False
3,3,2023-10-01,19334,False
3,3,2023-11-01,4336,True
3,3,2023-12-01,7373,True
3,4,2021-01-01,4243,False
3,4,2021-02-01,6612,False
3,4,2021-03-01,15946,False
3,4,2021-04-01,13104,False
3,4,2021-05-01,15429,False
3,4,2021-06-01,8371,False
3,4,2021-07-01,8359,False
3,4,2021-08-01,9863,False
3,4,2021-09-01,5228,False
3,4,2021-10-01,16382,False
3,4,2021-11-01,4891,True
3,4,2021-12-01,5756,True
3,4,2022-01-01,17770,False
3,4,2022-02-01,18478,False
3,4,2022-03-01,4674,False
3,4,2022-04-01,8898,False
3,4,2022-05-01,12147,False
3,4,2022-06-01,2793,False
3,4,2022-07-01,4116,False
3,4,2022-08-01,7779,False
3,4,2022-09-01,14298,False
3,4,2022-10-01,16153,False
3,4,2022-11-01,13111,True
3,4,2022-12-01,12789,True
3,4,2023-01-01,13397,False
3,4,2023-02-01,14999,False
3,4,2023-03-01,2814,False
3,4,2023-04-01,18729,False
3,4,2023-05-01,12541,False
3,4,2023-06-01,4443,False
3,4,2023-07-01,12457,False
3,4,2023-08-01,12380,False
3,4,2023-09-01,9783,False
3,4,2023-10-01,13473,False
3,4,2023-11-01,19368,True
3,4,2023-12-01,17328,True
3,5,2021-01-01,2827,False
3,5,2021-02-01,9147,False
3,5,2021-03-01,6451,False
3,5,2021-04-01,17343,False
3,5,2021-05-01,15635,False
3,5,2021-06-01,7959,False
3,5,2021-07-01,2126,False
3,5,2021-08-01,10795,False
3,5,2021-09-01,13641,False
3,5,2021-10-01,9196,False
3,5,2021-11-01,13559,True
3,5,2021-12-01,5368,True
3,5,2022-01-01,5797,False
3,5,2022-02-01,17114,False
3,5,2022-03-01,15718,False
3,5,2022-04-01,3792,False
3,5,2022-05-01,13053,False
3,5,2022-06-01,5476,False
3,5,2022-07-01,5417,False
3,5,2022-08-01,3645,False
3,5,2022-09-01,16755,False
3,5,2022-10-01,5072,False
3,5,2022-11-01,3854,True
3,5,2022-12-01,6662,True
3,5,2023-01-01,8514,False
3,5,2023-02-01,4708,False
3,5,2023-03-01,13694,False
3,5,2023-04-01,11524,False
3,5,2023-05-01,8456,False
3,5,2023-06-01,6212,False
3,5,2023-07-01,15224,False
3,5,2023-08-01,9970,False
3,5,2023-09-01,18920,False
3,5,2023-10-01,3625,False
3,5,2023-11-01,12314,True
3,5,2023-12-01,9973,True
3,6,2021-01-01,10577,False
3,6,2021-02-01,10070,False
3,6,2021-03-01,10666,False
3,6,2021-04-01,5600,False
3,6,2021-05-01,8783,False
3,6,2021-06-01,15226,False
3,6,2021-07-01,11146,False
3,6,2021-08-01,6971,False
3,6,2021-09-01,15490,False
3,6,2021-10-01,19589,False
3,6,2021-11-01,14951,True
3,6,2021-12-01,14312,True
3,6,2022-01-01,3990,False
3,6,2022-02-01,7299,False
3,6,2022-03-01,14997,False
3,6,2022-04-01,15472,False
3,6,2022-05-01,6380,False
3,6,2022-06-01,6757,False
3,6,2022-07-01,12395,False
3,6,2022-08-01,18241,False
3,6,2022-09-01,7588,False
3,6,2022-10-01,19350,False
3,6,2022-11-01,6944,True
3,6,2022-12-01,15395,True
3,6,2023-01-01,19072,False
3,6,2023-02-01,6243,False
3,6,2023-03-01,11916,False
3,6,2023-04-01,11984,False
3,6,2023-05-01,3759,False
3,6,2023-06-01,11181,False
3,6,2023-07-01,4482,False
3,6,2023-08-01,2951,False
3,6,2023-09-01,4079,False
3,6,2023-10-01,4717,False
3,6,2023-11-01,11692,True
3,6,2023-12-01,9311,True
3,7,2021-01-01,2768,False
3,7,2021-02-01,7490,False
3,7,2021-03-01,17534,False
3,7,2021-04-01,8645,False
3,7,2021-05-01,7232,False
3,7,2021-06-01,13485,False
3,7,2021-07-01,7797,False
3,7,2021-08-01,14342,False
3,7,2021-09-01,10038,False
3,7,2021-10-01,18002,False
3,7,2021-11-01,15087,True
3,7,2021-12-01,6873,True
3,7,2022-01-01,3481,False
3,7,2022-02-01,12093,False
3,7,2022-03-01,16422,False
3,7,2022-04-01,18438,False
3,7,2022-05-01,9643,False
3,7,2022-06-01,17708,False
3,7,2022-07-01,13271,False
3,7,2022-08-01,19216,False
3,7,2022-09-01,14600,False
3,7,2022-10-01,12998,False
3,7,2022-11-01,16295,True
3,7,2022-12-01,12682,True
3,7,2023-01-01,18380,False
3,7,2023-02-01,10519,False
3,7,2023-03-01,5300,False
3,7,2023-04-01,8722,False
3,7,2023-05-01,9218,False
3,7,2023-06-01,5054,False
3,7,2023-07-01,15575,False
3,7,2023-08-01,9970,False
3,7,2023-09-01,4143,False
3,7,2023-10-01,11503,False
3,7,2023-11-01,17149,True
3,7,2023-12-01,14175,True
3,8,2021-01-01,10356,False
3,8,2021-02-01,17070,False
3,8,2021-03-01,2822,False
3,8,2021-04-01,19327,False
3,8,2021-05-01,16289,False
3,8,2021-06-01,8150,False
3,8,2021-07-01,6425,False
3,8,2021-08-01,18032,False
3,8,2021-09-01,4198,False
3,8,2021-10-01,5452,False
3,8,2021-11-01,11106,True
3,8,2021-12-01,15859,True
3,8,2022-01-01,19692,False
3,8,2022-02-01,10705,False
3,8,2022-03-01,12112,False
3,8,2022-04-01,6841,False
3,8,2022-05-01,17358,False
3,8,2022-06-01,3409,False
3,8,2022-07-01,6566,False
3,8,2022-08-01,13382,False
3,8,2022-09-01,19939,False
3,8,2022-10-01,16596,False
3,8,2022-11-01,2804,True
3,8,2022-12-01,15221,True
3,8,2023-01-01,3279,False
3,8,2023-02-01,15192,False
3,8,2023-03-01,9083,False
3,8,2023-04-01,13093,False
3,8,2023-05-01,19771,False
3,8,2023-06-01,14880,False
3,8,2023-07-01,17517,False
3,8,2023-08-01,4106,False
3,8,2023-09-01,18086,False
3,8,2023-10-01,6831,False
3,8,2023-11-01,5186,True
3,8,2023-12-01,4573,True
3,9,2021-01-01,14808,False
3,9,2021-02-01,4599,False
3,9,2021-03-01,6033,False
3,9,2021-04-01,10428,False
3,9,2021-05-01,3304,False
3,9,2021-06-01,19685,False
3,9,2021-07-01,10633,False
3,9,2021-08-01,13372,False
3,9,2021-09-01,10996,False
3,9,2021-10-01,18458,False
3,9,2021-11-01,7475,True
3,9,2021-12-01,9184,True
3,9,2022-01-01,14875,False
3,9,2022-02-01,3622,False
3,9,2022-03-01,17988,False
3,9,2022-04-01,10041,False
3,9,2022-05-01,18725,False
3,9,2022-06-01,9992,False
3,9,2022-07-01,17646,False
3,9,2022-08-01,19029,False
3,9,2022-09-01,6263,False
3,9,2022-10-01,16060,False
3,9,2022-11-01,17156,True
3,9,2022-12-01,10646,True
3,9,2023-01-01,13664,False
3,9,2023-02-01,4969,False
3,9,2023-03-01,5028,False
3,9,2023-04-01,5629,False
3,9,2023-05-01,5067,False
3,9,2023-06-01,7941,False
3,9,2023-07-01,19770,False
3,9,2023-08-01,13555,False
3,9,2023-09-01,15081,False
3,9,2023-10-01,8819,False
3,9,2023-11-01,13046,True
3,9,2023-12-01,19717,True
3,10,2021-01-01,4711,False
3,10,2021-02-01,6853,False
3,10,2021-03-01,9715,False
3,10,2021-04-01,10942,False
3,10,2021-05-01,17507,False
3,10,2021-06-01,17826,False
3,10,2021-07-01,3762,False
3,10,2021-08-01,17850,False
3,10,2021-09-01,14112,False
3,10,2021-10-01,14652,False
3,10,2021-11-01,8122,True
3,10,2021-12-01,2481,True
3,10,2022-01-01,16536,False
3,10,2022-02-01,2153,False
3,10,2022-03-01,9617,False
3,10,2022-04-01,3524,False
3,10,2022-05-01,4120,False
3,10,2022-06-01,17048,False
3,10,2022-07-01,4343,False
3,10,2022-08-01,7136,False
3,10,2022-09-01,3240,False
3,10,2022-10-01,2060,False
3,10,2022-11-01,11130,True
3,10,2022-12-01,14312,True
3,10,2023-01-01,15350,False
3,10,2023-02-01,14418,False
3,10,2023-03-01,3252,False
3,10,2023-04-01,10363,False
3,10,2023-05-01,11650,False
3,10,2023-06-01,18314,False
3,10,2023-07-01,6090,False
3,10,2023-08-01,8960,False
3,10,2023-09-01,5004,False
3,10,2023-10-01,18713,False
3,10,2023-11-01,5640,True
3,10,2023-12-01,3341,True
4,1,2021-01-01,13855,False
4,1,2021-02-01,2338,False
4,1,2021-03-01,7895,False
4,1,2021-04-01,14254,False
4,1,2021-05-01,13344,False
4,1,2021-06-01,3750,False
4,1,2021-07-01,4421,False
4,1,2021-08-01,9119,False
4,1,2021-09-01,7319,False
4,1,2021-10-01,17896,False
4,1,2021-11-01,13918,True
4,1,2021-12-01,15849,True
4,1,2022-01-01,6873,False
4,1,2022-02-01,6806,False
4,1,2022-03-01,10592,False
4,1,2022-04-01,14182,False
4,1,2022-05-01,18774,False
4,1,2022-06-01,14045,False
4,1,2022-07-01,6430,False
4,1,2022-08-01,10820,False
4,1,2022-09-01,6232,False
4,1,2022-10-01,13122,False
4,1,2022-11-01,17023,True
4,1,2022-12-01,10007,True
4,1,2023-01-01,19905,False
4,1,2023-02-01,11018,False
4,1,2023-03-01,3500,False
4,1,2023-04-01,8737,False
4,1,2023-05-01,5294,False
4,1,2023-06-01,6497,False
4,1,2023-07-01,19850,False
4,1,2023-08-01,2614,False
4,1,2023-09-01,11374,False
4,1,2023-10-01,4667,False
4,1,2023-11-01,15409,True
4,1,2023-12-01,18514,True
4,2,2021-01-01,4983,False
4,2,2021-02-01,14651,False
4,2,2021-03-01,10230,False
4,2,2021-04-01,8640,False
4,2,2021-05-01,13779,False
4,2,2021-06-01,17317,False
4,2,2021-07-01,19304,False
4,2,2021-08-01,9564,False
4,2,2021-09-01,17520,False
4,2,2021-10-01,15737,False
4,2,2021-11-01,11323,True
4,2,2021-12-01,17229,True
4,2,2022-01-01,13713,False
4,2,2022-02-01,10502,False
4,2,2022-03-01,2545,False
4,2,2022-04-01,6346,False
4,2,2022-05-01,11996,False
4,2,2022-06-01,17775,False
4,2,2022-07-01,15919,False
4,2,2022-08-01,5810,False
4,2,2022-09-01,9206,False
4,2,2022-10-01,11005,False
4,2,2022-11-01,18371,True
4,2,2022-12-01,14316,True
4,2,2023-01-01,10436,False
4,2,2023-02-01,14984,False
4,2,2023-03-01,2271,False
4,2,2023-04-01,12616,False
4,2,2023-05-01,6361,False
4,2,2023-06-01,9069,False
4,2,2023-07-01,19304,False
4,2,2023-08-01,5430,False
4,2,2023-09-01,14676,False
4,2,2023-10-01,12816,False
4,2,2023-11-01,4050,True
4,2,2023-12-01,13692,True
4,3,2021-01-01,3165,False
4,3,2021-02-01,4033,False
4,3,2021-03-01,2145,False
4,3,2021-04-01,16269,False
4,3,2021-05-01,9832,False
4,3,2021-06-01,16286,False
4,3,2021-07-01,4632,False
4,3,2021-08-01,6494,False
4,3,2021-09-01,17152,False
4,3,2021-10-01,11155,False
4,3,2021-11-01,12426,True
4,3,2021-12-01,12233,True
4,3,2022-01-01,3828,False
4,3,2022-02-01,14260,False
4,3,2022-03-01,11130,False
4,3,2022-04-01,6805,False
4,3,2022-05-01,2806,False
4,3,2022-06-01,10202,False
4,3,2022-07-01,3868,False
4,3,2022-08-01,16561,False
4,3,2022-09-01,17512,False
4,3,2022-10-01,16899,False
4,3,2022-11-01,18220,True
4,3,2022-12-01,17934,True
4,3,2023-01-01,7429,False
4,3,2023-02-01,11076,False
4,3,2023-03-01,5564,False
4,3,2023-04-01,3389,False
4,3,2023-05-01,13593,False
4,3,2023-06-01,9274,False
4,3,2023-07-01,19208,False
4,3,2023-08-01,19320,False
4,3,2023-09-01,12745,False
4,3,2023-10-01,16199,False
4,3,2023-11-01,17876,True
4,3,2023-12-01,10245,True
4,4,2021-01-01,9214,False
4,4,2021-02-01,2726,False
4,4,2021-03-01,15832,False
4,4,2021-04-01,13362,False
4,4,2021-05-01,12106,False
4,4,2021-06-01,9657,False
4,4,2021-07-01,16551,False
4,4,2021-08-01,9906,False
4,4,2021-09-01,9287,False
4,4,2021-10-01,2892,False
4,4,2021-11-01,12222,True
4,4,2021-12-01,6675,True
4,4,2022-01-01,3933,False
4,4,2022-02-01,19764,False
4,4,2022-03-01,13873,False
4,4,2022-04-01,19674,False
4,4,2022-05-01,15239,False
4,4,2022-06-01,12874,False
4,4,2022-07-01,19602,False
4,4,2022-08-01,7016,False
4,4,2022-09-01,15774,False
4,4,2022-10-01,11752,False
4,4,2022-11-01,19338,True
4,4,2022-12-01,17585,True
4,4,2023-01-01,9291,False
4,4,2023-02-01,2974,False
4,4,2023-03-01,6133,False
4,4,2023-04-01,16663,False
4,4,2023-05-01,5972,False
4,4,2023-06-01,7295,False
4,4,2023-07-01,15913,False
4,4,2023-08-01,11105,False
4,4,2023-09-01,10228,False
4,4,2023-10-01,11903,False
4,4,2023-11-01,5020,True
4,4,2023-12-01,10987,True
4,5,2021-01-01,14880,False
4,5,2021-02-01,7233,False
4,5,2021-03-01,11516,False
4,5,2021-04-01,16559,False
4,5,2021-05-01,18701,False
4,5,2021-06-01,4396,False
4,5,2021-07-01,3591,False
4,5,2021-08-01,13303,False
4,5,2021-09-01,8183,False
4,5,2021-10-01,3312,False
4,5,2021-11-01,9314,True
4,5,2021-12-01,4139,True
4,5,2022-01-01,16688,False
4,5,2022-02-01,8924,False
4,5,2022-03-01,2362,False
4,5,2022-04-01,15481,False
4,5,2022-05-01,5738,False
4,5,2022-06-01,4469,False
4,5,2022-07-01,18106,False
4,5,2022-08-01,18940,False
4,5,2022-09-01,11017,False
4,5,2022-10-01,4808,False
4,5,2022-11-01,18370,True
4,5,2022-12-01,16870,True
4,5,2023-01-01,14713,False
4,5,2023-02-01,9561,False
4,5,2023-03-01,4719,False
4,5,2023-04-01,13700,False
4,5,2023-05-01,5741,False
4,5,2023-06-01,11766,False
4,5,2023-07-01,5998,False
4,5,2023-08-01,18077,False
4,5,2023-09-01,2294,False
4,5,2023-10-01,12177,False
4,5,2023-11-01,11882,True
4,5,2023-12-01,3136,True
4,6,2021-01-01,4064,False
4,6,2021-02-01,9009,False
4,6,2021-03-01,14987,False
4,6,2021-04-01,6543,False
4,6,2021-05-01,3007,False
4,6,2021-06-01,7445,False
4,6,2021-07-01,12706,False
4,6,2021-08-01,16749,False
4,6,2021-09-01,13718,False
4,6,2021-10-01,11439,False
4,6,2021-11-01,15281,True
4,6,2021-12-01,3435,True
4,6,2022-01-01,2571,False
4,6,2022-02-01,4382,False
4,6,2022-03-01,7084,False
4,6,2022-04-01,18661,False
4,6,2022-05-01,15507,False
4,6,2022-06-01,9059,False
4,6,2022-07-01,14771,False
4,6,2022-08-01,19649,False
4,6,2022-09-01,9491,False
4,6,2022-10-01,16527,False
4,6,2022-11-01,19424,True
4,6,2022-12-01,16859,True
4,6,2023-01-01,10073,False
4,6,2023-02-01,11077,False
4,6,2023-03-01,13383,False
4,6,2023-04-01,18378,False
4,6,2023-05-01,4353,False
4,6,2023-06-01,6799,False
4,6,2023-07-01,19070,False
4,6,2023-08-01,13939,False
4,6,2023-09-01,4428,False
4,6,2023-10-01,13296,False
4,6,2023-11-01,9813,True
4,6,2023-12-01,16414,True
4,7,2021-01-01,13801,False
4,7,2021-02-01,13745,False
4,7,2021-03-01,15025,False
4,7,2021-04-01,5356,False
4,7,2021-05-01,16288,False
4,7,2021-06-01,8540,False
4,7,2021-07-01,18422,False
4,7,2021-08-01,5342,False
4,7,2021-09-01,11078,False
4,7,2021-10-01,4844,False
4,7,2021-11-01,12396,True
4,7,2021-12-01,19482,True
4,7,2022-01-01,15998,False
4,7,2022-02-01,15261,False
4,7,2022-03-01,5093,False
4,7,2022-04-01,13722,False
4,7,2022-05-01,13645,False
4,7,2022-06-01,17083,False
4,7,2022-07-01,2988,False
4,7,2022-08-01,8446,False
4,7,2022-09-01,18335,False
4,7,2022-10-01,18133,False
4,7,2022-11-01,3682,True
4,7,2022-12-01,7626,True
4,7,2023-01-01,9424,False
4,7,2023-02-01,14857,False
4,7,2023-03-01,14155,False
4,7,2023-04-01,19317,False
4,7,2023-05-01,13425,False
4,7,2023-06-01,3980,False
4,7,2023-07-01,17522,False
4,7,2023-08-01,10984,False
4,7,2023-09-01,19175,False
4,7,2023-10-01,17883,False
4,7,2023-11-01,7390,True
4,7,2023-12-01,3607,True
4,8,2021-01-01,8573,False
4,8,2021-02-01,19368,False
4,8,2021-03-01,7776,False
4,8,2021-04-01,5676,False
4,8,2021-05-01,5380,False
4,8,2021-06-01,10711,False
4,8,2021-07-01,10782,False
4,8,2021-08-01,19434,False
4,8,2021-09-01,15997,False
4,8,2021-10-01,8342,False
4,8,2021-11-01,19343,True
4,8,2021-12-01,8059,True
4,8,2022-01-01,10884,False
4,8,2022-02-01,7655,False
4,8,2022-03-01,14091,False
4,8,2022-04-01,17251,False
4,8,2022-05-01,2526,False
4,8,2022-06-01,5224,False
4,8,2022-07-01,17069,False
4,8,2022-08-01,13536,False
4,8,2022-09-01,15547,False
4,8,2022-10-01,3763,False
4,8,2022-11-01,10712,True
4,8,2022-12-01,7797,True
4,8,2023-01-01,11208,False
4,8,2023-02-01,7109,False
4,8,2023-03-01,18500,False
4,8,2023-04-01,4433,False
4,8,2023-05-01,18967,False
4,8,2023-06-01,6167,False
4,8,2023-07-01,19773,False
4,8,2023-08-01,10357,False
4,8,2023-09-01,8154,False
4,8,2023-10-01,10920,False
4,8,2023-11-01,19162,True
4,8,2023-12-01,2213,True
4,9,2021-01-01,5762,False
4,9,2021-02-01,15399,False
4,9,2021-03-01,11768,False
4,9,2021-04-01,12640,False
4,9,2021-05-01,8731,False
4,9,2021-06-01,7791,False
4,9,2021-07-01,17822,False
4,9,2021-08-01,10783,False
4,9,2021-09-01,15621,False
4,9,2021-10-01,18019,False
4,9,2021-11-01,4720,True
4,9,2021-12-01,10905,True
4,9,2022-01-01,11127,False
4,9,2022-02-01,18385,False
4,9,2022-03-01,8368,False
4,9,2022-04-01,16056,False
4,9,2022-05-01,14236,False
4,9,2022-06-01,16451,False
4,9,2022-07-01,19301,False
4,9,2022-08-01,12433,False
4,9,2022-09-01,17525,False
4,9,2022-10-01,2089,False
4,9,2022-11-01,12361,True
4,9,2022-12-01,18369,True
4,9,2023-01-01,5041,False
4,9,2023-02-01,2105,False
4,9,2023-03-01,11078,False
4,9,2023-04-01,8090,False
4,9,2023-05-01,8082,False
4,9,2023-06-01,19018,False
4,9,2023-07-01,3925,False
4,9,2023-08-01,8917,False
4,9,2023-09-01,2552,False
4,9,2023-10-01,5911,False
4,9,2023-11-01,5389,True
4,9,2023-12-01,15629,True
4,10,2021-01-01,4430,False
4,10,2021-02-01,2458,False
4,10,2021-03-01,15395,False
4,10,2021-04-01,2207,False
4,10,2021-05-01,2899,False
4,10,2021-06-01,13653,False
4,10,2021-07-01,18405,False
4,10,2021-08-01,10601,False
4,10,2021-09-01,2894,False
4,10,2021-10-01,2514,False
4,10,2021-11-01,6109,True
4,10,2021-12-01,15258,True
4,10,2022-01-01,17313,False
4,10,2022-02-01,17349,False
4,10,2022-03-01,9179,False
4,10,2022-04-01,12326,False
4,10,2022-05-01,13787,False
4,10,2022-06-01,3560,False
4,10,2022-07-01,15612,False
4,10,2022-08-01,19650,False
4,10,2022-09-01,6780,False
4,10,2022-10-01,13894,False
4,10,2022-11-01,4356,True
4,10,2022-12-01,6790,True
4,10,2023-01-01,18690,False
4,10,2023-02-01,12181,False
4,10,2023-03-01,9057,False
4,10,2023-04-01,18082,False
4,10,2023-05-01,2661,False
4,10,2023-06-01,6644,False
4,10,2023-07-01,17711,False
4,10,2023-08-01,4920,False
4,10,2023-09-01,18002,False
4,10,2023-10-01,16025,False
4,10,2023-11-01,10946,True
4,10,2023-12-01,14732,True
5,1,2021-01-01,8236,False
5,1,2021-02-01,18309,False
5,1,2021-03-01,15518,False
5,1,2021-04-01,2352,False
5,1,2021-05-01,9005,False
5,1,2021-06-01,16036,False
5,1,2021-07-01,18542,False
5,1,2021-08-01,2956,False
5,1,2021-09-01,4071,False
5,1,2021-10-01,10595,False
5,1,2021-11-01,17140,True
5,1,2021-12-01,14803,True
5,1,2022-01-01,5453,False
5,1,2022-02-01,8675,False
5,1,2022-03-01,2955,False
5,1,2022-04-01,8295,False
5,1,2022-05-01,17921,False
5,1,2022-06-01,17282,False
5,1,2022-07-01,6703,False
5,1,2022-08-01,8563,False
5,1,2022-09-01,14003,False
5,1,2022-10-01,12817,False
5,1,2022-11-01,13171,True
5,1,2022-12-01,14582,True
5,1,2023-01-01,14201,False
5,1,2023-02-01,19778,False
5,1,2023-03-01,14473,False
5,1,2023-04-01,11461,False
5,1,2023-05-01,17596,False
5,1,2023-06-01,2529,False
5,1,2023-07-01,14765,False
5,1,2023-08-01,15910,False
5,1,2023-09-01,13561,False
5,1,2023-10-01,11131,False
5,1,2023-11-01,2525,True
5,1,2023-12-01,18385,True
5,2,2021-01-01,2374,False
5,2,2021-02-01,14197,False
5,2,2021-03-01,6648,False
5,2,2021-04-01,4365,False
5,2,2021-05-01,19909,False
5,2,2021-06-01,3646,False
5,2,2021-07-01,2013,False
5,2,2021-08-01,6599,False
5,2,2021-09-01,4278,False
5,2,2021-10-01,16296,False
5,2,2021-11-01,5155,True
5,2,2021-12-01,10321,True
5,2,2022-01-01,5814,False
5,2,2022-02-01,15125,False
5,2,2022-03-01,5216,False
5,2,2022-04-01,4113,False
5,2,2022-05-01,12238,False
5,2,2022-06-01,15760,False
5,2,2022-07-01,14588,False
5,2,2022-08-01,5374,False
5,2,2022-09-01,8430,False
5,2,2022-10-01,13970,False
5,2,2022-11-01,2629,True
5,2,2022-12-01,18653,True
5,2,2023-01-01,12831,False
5,2,2023-02-01,7724,False
5,2,2023-03-01,13083,False
5,2,2023-04-01,15149,False
5,2,2023-05-01,11472,False
5,2,2023-06-01,8276,False
5,2,2023-07-01,17635,False
5,2,2023-08-01,7895,False
5,2,2023-09-01,15994,False
5,2,2023-10-01,12552,False
5,2,2023-11-01,18959,True
5,2,2023-12-01,8099,True
5,3,2021-01-01,11499,False
5,3,2021-02-01,5178,False
5,3,2021-03-01,8116,False
5,3,2021-04-01,17563,False
5,3,2021-05-01,5568,False
5,3,2021-06-01,11847,False
5,3,2021-07-01,16135,False
5,3,2021-08-01,19774,False
5,3,2021-09-01,3742,False
5,3,2021-10-01,2619,False
5,3,2021-11-01,19658,True
5,3,2021-12-01,19340,True
5,3,2022-01-01,3939,False
5,3,2022-02-01,18001,False
5,3,2022-03-01,2968,False
5,3,2022-04-01,16846,False
5,3,2022-05-01,2281,False
5,3,2022-06-01,17360,False
5,3,2022-07-01,8262,False
5,3,2022-08-01,3058,False
5,3,2022-09-01,12724,False
5,3,2022-10-01,7178,False
5,3,2022-11-01,8980,True
5,3,2022-12-01,11200,True
5,3,2023-01-01,3229,False
5,3,2023-02-01,10467,False
5,3,2023-03-01,4289,False
5,3,2023-04-01,3239,False
5,3,2023-05-01,7370,False
5,3,2023-06-01,18170,False
5,3,2023-07-01,2125,False
5,3,2023-08-01,14504,False
5,3,2023-09-01,17398,False
5,3,2023-10-01,8638,False
5,3,2023-11-01,8570,True
5,3,2023-12-01,5249,True
5,4,2021-01-01,11110,False
5,4,2021-02-01,9595,False
5,4,2021-03-01,15605,False
5,4,2021-04-01,14115,False
5,4,2021-05-01,8294,False
5,4,2021-06-01,7757,False
5,4,2021-07-01,14595,False
5,4,2021-08-01,3969,False
5,4,2021-09-01,12985,False
5,4,2021-10-01,19275,False
5,4,2021-11-01,6470,True
5,4,2021-12-01,12225,True
5,4,2022-01-01,11556,False
5,4,2022-02-01,11206,False
5,4,2022-03-01,11991,False
5,4,2022-04-01,9519,False
5,4,2022-05-01,15669,False
5,4,2022-06-01,6612,False
5,4,2022-07-01,14373,False
5,4,2022-08-01,19582,False
5,4,2022-09-01,17552,False
5,4,2022-10-01,16646,False
5,4,2022-11-01,7238,True
5,4,2022-12-01,17577,True
5,4,2023-01-01,17504,False
5,4,2023-02-01,5719,False
5,4,2023-03-01,2302,False
5,4,2023-04-01,14144,False
5,4,2023-05-01,19370,False
5,4,2023-06-01,12055,False
5,4,2023-07-01,6440,False
5,4,2023-08-01,5072,False
5,4,2023-09-01,15598,False
5,4,2023-10-01,16287,False
5,4,2023-11-01,15965,True
5,4,2023-12-01,11519,True
5,5,2021-01-01,15380,False
5,5,2021-02-01,13865,False
5,5,2021-03-01,10125,False
5,5,2021-04-01,5291,False
5,5,2021-05-01,6033,False
5,5,2021-06-01,7105,False
5,5,2021-07-01,19087,False
5,5,2021-08-01,10133,False
5,5,2021-09-01,18958,False
5,5,2021-10-01,7704,False
5,5,2021-11-01,9848,True
5,5,2021-12-01,14975,True
5,5,2022-01-01,8924,False
5,5,2022-02-01,2488,False
5,5,2022-03-01,9114,False
5,5,2022-04-01,17740,False
5,5,2022-05-01,5173,False
5,5,2022-06-01,3667,False
5,5,2022-07-01,6114,False
5,5,2022-08-01,5553,False
5,5,2022-09-01,9761,False
5,5,2022-10-01,3000,False
5,5,2022-11-01,17638,True
5,5,2022-12-01,19772,True
5,5,2023-01-01,7450,False
5,5,2023-02-01,5712,False
5,5,2023-03-01,3367,False
5,5,2023-04-01,10189,False
5,5,2023-05-01,11013,False
5,5,2023-06-01,18838,False
5,5,2023-07-01,5726,False
5,5,2023-08-01,6806,False
5,5,2023-09-01,4190,False
5,5,2023-10-01,11108,False
5,5,2023-11-01,14178,True
5,5,2023-12-01,4875,True
5,6,2021-01-01,7592,False
5,6,2021-02-01,19824,False
5,6,2021-03-01,14592,False
5,6,2021-04-01,10927,False
5,6,2021-05-01,16437,False
5,6,2021-06-01,13530,False
5,6,2021-07-01,9010,False
5,6,2021-08-01,13207,False
5,6,2021-09-01,4989,False
5,6,2021-10-01,14040,False
5,6,2021-11-01,11218,True
5,6,2021-12-01,8471,True
5,6,2022-01-01,4863,False
5,6,2022-02-01,12693,False
5,6,2022-03-01,3177,False
5,6,2022-04-01,6760,False
5,6,2022-05-01,2011,False
5,6,2022-06-01,18353,False
5,6,2022-07-01,13556,False
5,6,2022-08-01,13563,False
5,6,2022-09-01,16051,False
5,6,2022-10-01,13022,False
5,6,2022-11-01,10234,True
5,6,2022-12-01,18173,True
5,6,2023-01-01,15178,False
5,6,2023-02-01,8570,False
5,6,2023-03-01,2406,False
5,6,2023-04-01,11206,False
5,6,2023-05-01,6431,False
5,6,2023-06-01,8542,False
5,6,2023-07-01,10906,False
5,6,2023-08-01,6146,False
5,6,2023-09-01,14046,False
5,6,2023-10-01,14611,False
5,6,2023-11-01,15076,True
5,6,2023-12-01,18524,True
5,7,2021-01-01,6882,False
5,7,2021-02-01,16113,False
5,7,2021-03-01,15645,False
5,7,2021-04-01,8012,False
5,7,2021-05-01,19347,False
5,7,2021-06-01,9151,False
5,7,2021-07-01,5610,False
5,7,2021-08-01,11884,False
5,7,2021-09-01,8894,False
5,7,2021-10-01,15467,False
5,7,2021-11-01,18489,True
5,7,2021-12-01,11873,True
5,7,2022-01-01,14289,False
5,7,2022-02-01,14208,False
5,7,2022-03-01,12828,False
5,7,2022-04-01,4137,False
5,7,2022-05-01,3286,False
5,7,2022-06-01,17710,False
5,7,2022-07-01,13371,False
5,7,2022-08-01,17945,False
5,7,2022-09-01,9052,False
5,7,2022-10-01,5654,False
5,7,2022-11-01,17600,True
5,7,2022-12-01,10636,True
5,7,2023-01-01,8441,False
5,7,2023-02-01,11667,False
5,7,2023-03-01,14149,False
5,7,2023-04-01,3798,False
5,7,2023-05-01,11600,False
5,7,2023-06-01,7495,False
5,7,2023-07-01,11900,False
5,7,2023-08-01,15673,False
5,7,2023-09-01,13130,False
5,7,2023-10-01,17222,False
5,7,2023-11-01,3300,True
5,7,2023-12-01,11435,True
5,8,2021-01-01,6616,False
5,8,2021-02-01,18393,False
5,8,2021-03-01,12617,False
5,8,2021-04-01,7752,False
5,8,2021-05-01,11852,False
5,8,2021-06-01,8295,False
5,8,2021-07-01,19456,False
5,8,2021-08-01,5225,False
5,8,2021-09-01,3316,False
5,8,2021-10-01,14337,False
5,8,2021-11-01,8807,True
5,8,2021-12-01,5683,True
5,8,2022-01-01,9227,False
5,8,2022-02-01,5273,False
5,8,2022-03-01,2145,False
5,8,2022-04-01,7010,False
5,8,2022-05-01,18035,False
5,8,2022-06-01,5040,False
5,8,2022-07-01,11654,False
5,8,2022-08-01,18866,False
5,8,2022-09-01,19633,False
5,8,2022-10-01,19014,False
5,8,2022-11-01,16996,True
5,8,2022-12-01,18336,True
5,8,2023-01-01,10853,False
5,8,2023-02-01,13695,False
5,8,2023-03-01,4852,False
5,8,2023-04-01,18014,False
5,8,2023-05-01,2987,False
5,8,2023-06-01,9622,False
5,8,2023-07-01,11160,False
5,8,2023-08-01,19484,False
5,8,2023-09-01,8652,False
5,8,2023-10-01,9421,False
5,8,2023-11-01,2769,True
5,8,2023-12-01,19727,True
5,9,2021-01-01,16114,False
5,9,2021-02-01,6358,False
5,9,2021-03-01,13543,False
5,9,2021-04-01,7699,False
5,9,2021-05-01,19625,False
5,9,2021-06-01,3125,False
5,9,2021-07-01,12793,False
5,9,2021-08-01,8764,False
5,9,2021-09-01,14323,False
5,9,2021-10-01,15031,False
5,9,2021-11-01,16052,True
5,9,2021-12-01,14640,True
5,9,2022-01-01,9843,False
5,9,2022-02-01,16210,False
5,9,2022-03-01,18456,False
5,9,2022-04-01,12106,False
5,9,2022-05-01,7189,False
5,9,2022-06-01,4472,False
5,9,2022-07-01,19091,False
5,9,2022-08-01,8704,False
5,9,2022-09-01,5713,False
5,9,2022-10-01,7051,False
5,9,2022-11-01,12756,True
5,9,2022-12-01,4475,True
5,9,2023-01-01,5610,False
5,9,2023-02-01,6255,False
5,9,2023-03-01,16484,False
5,9,2023-04-01,3735,False
5,9,2023-05-01,10258,False
5,9,2023-06-01,9979,False
5,9,2023-07-01,4428,False
5,9,2023-08-01,14345,False
5,9,2023-09-01,9426,False
5,9,2023-10-01,10533,False
5,9,2023-11-01,7249,True
5,9,2023-12-01,11686,True
5,10,2021-01-01,16109,False
5,10,2021-02-01,2661,False
5,10,2021-03-01,14075,False
5,10,2021-04-01,16788,False
5,10,2021-05-01,12060,False
5,10,2021-06-01,17836,False
5,10,2021-07-01,12526,False
5,10,2021-08-01,5374,False
5,10,2021-09-01,2207,False
5,10,2021-10-01,4665,False
5,10,2021-11-01,2632,True
5,10,2021-12-01,5083,True
5,10,2022-01-01,15711,False
5,10,2022-02-01,12123,False
5,10,2022-03-01,9123,False
5,10,2022-04-01,12754,False
5,10,2022-05-01,3679,False
5,10,2022-06-01,17901,False
5,10,2022-07-01,2236,False
5,10,2022-08-01,9446,False
5,10,2022-09-01,6443,False
5,10,2022-10-01,17463,False
5,10,2022-11-01,10555,True
5,10,2022-12-01,18669,True
5,10,2023-01-01,2148,False
5,10,2023-02-01,15395,False
5,10,2023-03-01,6895,False
5,10,2023-04-01,19396,False
5,10,2023-05-01,13023,False
5,10,2023-06-01,12699,False
5,10,2023-07-01,11715,False
5,10,2023-08-01,18163,False
5,10,2023-09-01,7782,False
5,10,2023-10-01,18724,False
5,10,2023-11-01,4817,True
5,10,2023-12-01,17096,True
